id,number,month,initial_amount,price,currency,client_code,authorized_withdrawal_person,document_url,is_archived,validated_at,granted_at,validated_by,granted_by,created_at,updated_at,created_by,updated_by
016c6d0e-0aa2-4d27-b5fd-28739b588cf4,CRT08-084A3-4642/2026,09/2026,20000.00,2000.00,1,CL08-084A3-5162/2026,,,false,,2026-08-31 17:10:09+00,,e78fa4f8-7406-40fd-ab35-6ef9cd5784a3,2026-08-31 17:10:09+00,2026-09-01 14:21:03.123701+00,e78fa4f8-7406-40fd-ab35-6ef9cd5784a3,
0245e9b8-257e-434c-9d18-c974f6e765a1,CRT07-084A3-2226/2026,07/2026,20000.00,2000.00,1,CL06-084A3-5405/2026,,,true,,2026-07-09 17:44:05+00,,e78fa4f8-7406-40fd-ab35-6ef9cd5784a3,2026-07-09 17:44:05+00,2026-08-21 08:35:33.575029+00,e78fa4f8-7406-40fd-ab35-6ef9cd5784a3,064d2336-aac8-4c51-8b2a-aa4bfa3ea58b
02816ba8-dd27-471d-9544-511164eb6300,CRT05-053DB-1904/2026,05/2026,5000.00,2000.00,1,CL03-09815-7458/2026,,,true,,2026-05-12 17:50:57+00,,604e6df1-79e8-4118-a788-bb248eb653db,2026-05-12 17:50:57+00,2026-07-12 18:54:24.84108+00,604e6df1-79e8-4118-a788-bb248eb653db,064d2336-aac8-4c51-8b2a-aa4bfa3ea58b
02fded73-10cd-4e10-a051-61e2bae9cd06,CL02-09815-1257/2026,02/2026,50000.00,1000.00,1,CL02-09815-1257/2026,,,true,,2026-02-27 19:45:15+00,,12852b96-32b2-4d1f-ba5d-16caa50b9815,2026-02-27 19:45:15+00,2026-08-21 14:21:35.063318+00,12852b96-32b2-4d1f-ba5d-16caa50b9815,064d2336-aac8-4c51-8b2a-aa4bfa3ea58b
03cda0b9-0d69-47f2-909c-8a19bdd5a15e,CRT05-09815-8046/2026,05/2026,4000.00,2000.00,1,CL04-09815-8842/2026,,,true,,2026-05-05 15:42:55+00,,12852b96-32b2-4d1f-ba5d-16caa50b9815,2026-05-05 15:42:55+00,2026-07-20 19:40:14.838855+00,12852b96-32b2-4d1f-ba5d-16caa50b9815,064d2336-aac8-4c51-8b2a-aa4bfa3ea58b
0485c5c0-63e9-4e02-831c-28b9a9569cd5,CRT05-09815-5708/2026,05/2026,5000.00,2000.00,1,CL05-09815-2944/2026,,,true,,2026-05-04 17:35:51+00,,12852b96-32b2-4d1f-ba5d-16caa50b9815,2026-05-04 17:35:51+00,2026-07-20 20:03:38.980203+00,12852b96-32b2-4d1f-ba5d-16caa50b9815,064d2336-aac8-4c51-8b2a-aa4bfa3ea58b
04cf8f3b-5420-43ce-88a0-56cb4fdc06e8,CRT08-084A3-6071/2026,08/2026,5000.00,2000.00,1,CL06-084A3-7820/2026,,,false,,2026-08-14 08:13:55+00,,e78fa4f8-7406-40fd-ab35-6ef9cd5784a3,2026-08-14 08:13:55+00,2026-09-01 14:20:51.657961+00,e78fa4f8-7406-40fd-ab35-6ef9cd5784a3,
05d91cd1-2076-4c77-b2e7-7cc24b115a41,CRT08-09815-4867/2026,08/2026,5000.00,2000.00,1,CL06-09815-6146/2026,,,false,,2026-08-11 14:44:07+00,,12852b96-32b2-4d1f-ba5d-16caa50b9815,2026-08-11 14:44:07+00,2026-09-01 08:23:51.379431+00,12852b96-32b2-4d1f-ba5d-16caa50b9815,
067696d1-0e06-488e-ab2b-8c346d880d25,CRT06-084A3-8585/2026,06/2026,5000.00,2000.00,1,CL06-084A3-4003/2026,,,true,,2026-06-23 16:33:15+00,,e78fa4f8-7406-40fd-ab35-6ef9cd5784a3,2026-06-23 16:33:15+00,2026-08-21 08:35:38.227055+00,e78fa4f8-7406-40fd-ab35-6ef9cd5784a3,064d2336-aac8-4c51-8b2a-aa4bfa3ea58b
069b6f80-c1f4-4f90-883c-3d4c83e40322,CRT08-084A3-8770/2026,08/2026,10000.00,2000.00,1,CL08-084A3-4804/2026,,,false,,2026-08-01 15:45:36+00,,e78fa4f8-7406-40fd-ab35-6ef9cd5784a3,2026-08-01 15:45:36+00,2026-09-01 14:20:45.898832+00,e78fa4f8-7406-40fd-ab35-6ef9cd5784a3,064d2336-aac8-4c51-8b2a-aa4bfa3ea58b
06c3a096-b0b9-43d4-a6a5-f49b2c53f684,CRT08-084A3-5484/2026,09/2026,10000.00,2000.00,1,CL06-084A3-2473/2026,,,false,,2026-08-27 17:40:24+00,,e78fa4f8-7406-40fd-ab35-6ef9cd5784a3,2026-08-27 17:40:24+00,2026-09-01 14:21:03.762574+00,e78fa4f8-7406-40fd-ab35-6ef9cd5784a3,
073dbfa6-bf7d-4654-855c-05f115ad6ef4,CRT06-084A3-7578/2026,06/2026,50000.00,2000.00,1,CL06-084A3-7991/2026,,,false,,2026-06-19 12:56:26+00,,e78fa4f8-7406-40fd-ab35-6ef9cd5784a3,2026-06-19 12:56:26+00,2026-09-01 14:20:58.610101+00,e78fa4f8-7406-40fd-ab35-6ef9cd5784a3,
0a415b2a-12a6-43d0-9f10-df7f1d5257d6,CRT09-084A3-4082/2026,09/2026,5000.00,2000.00,1,CL07-084A3-9559/2026,,,false,,2026-09-01 13:55:22+00,,e78fa4f8-7406-40fd-ab35-6ef9cd5784a3,2026-09-01 13:55:22+00,2026-09-01 14:21:10.453286+00,e78fa4f8-7406-40fd-ab35-6ef9cd5784a3,
0bee885a-d4b8-45eb-9cd2-e615437957a2,CL03-09815-2200/2026,03/2026,5000.00,1000.00,1,CL03-09815-2200/2026,,,true,,2026-03-02 18:50:51+00,,12852b96-32b2-4d1f-ba5d-16caa50b9815,2026-03-02 18:50:51+00,2026-07-23 12:09:20.732365+00,12852b96-32b2-4d1f-ba5d-16caa50b9815,064d2336-aac8-4c51-8b2a-aa4bfa3ea58b
0ca5f529-ed21-4553-a42f-ea9370a4061b,CRT06-084A3-5902/2026,06/2026,10000.00,2000.00,1,CL06-084A3-4557/2026,,,true,,2026-06-17 13:36:22+00,,e78fa4f8-7406-40fd-ab35-6ef9cd5784a3,2026-06-17 13:36:22+00,2026-08-21 08:35:20.736541+00,e78fa4f8-7406-40fd-ab35-6ef9cd5784a3,064d2336-aac8-4c51-8b2a-aa4bfa3ea58b
0cb18f82-ad21-4b34-a935-aff260ef70f7,CL05-08324-5519/2026,05/2026,10000.00,1000.00,1,CL05-08324-5519/2026,,,true,,2026-05-06 19:21:15+00,,1fde6018-9346-424c-a2c1-37b8ea928324,2026-05-06 19:21:15+00,2026-08-21 13:57:51.580927+00,1fde6018-9346-424c-a2c1-37b8ea928324,064d2336-aac8-4c51-8b2a-aa4bfa3ea58b
0cc6c26a-fb01-43a7-bc49-21b9008e511c,CL02-09815-5170/2026,02/2026,10000.00,1000.00,1,CL02-09815-5170/2026,,,true,,2026-02-19 10:39:36+00,,12852b96-32b2-4d1f-ba5d-16caa50b9815,2026-02-19 10:39:36+00,2026-08-21 14:07:23.189524+00,12852b96-32b2-4d1f-ba5d-16caa50b9815,064d2336-aac8-4c51-8b2a-aa4bfa3ea58b
0e530d8a-1870-4d42-8f4c-0444b3db9382,CRT08-084A3-5258/2026,08/2026,15000.00,2000.00,1,CL07-084A3-5034/2026,,,true,,2026-08-10 14:01:52+00,,e78fa4f8-7406-40fd-ab35-6ef9cd5784a3,2026-08-10 14:01:52+00,2026-08-21 08:35:57.786571+00,e78fa4f8-7406-40fd-ab35-6ef9cd5784a3,064d2336-aac8-4c51-8b2a-aa4bfa3ea58b
0e8db283-4f67-4799-947c-f2e7681ef886,CRT08-09815-3183/2026,08/2026,5000.00,2000.00,1,CL04-09815-8842/2026,,,false,,2026-08-04 08:13:01+00,,12852b96-32b2-4d1f-ba5d-16caa50b9815,2026-08-04 08:13:01+00,2026-09-01 08:23:49.280486+00,12852b96-32b2-4d1f-ba5d-16caa50b9815,
0f5772e1-2e71-40e3-b76f-ff12a29732d4,CL03-09815-3956/2026,04/2026,10000.00,1000.00,1,CL03-09815-3956/2026,,,true,,2026-03-30 17:38:37+00,,604e6df1-79e8-4118-a788-bb248eb653db,2026-03-30 17:38:37+00,2026-07-23 12:00:09.627328+00,604e6df1-79e8-4118-a788-bb248eb653db,064d2336-aac8-4c51-8b2a-aa4bfa3ea58b
0fcaa06f-c175-450a-b5b5-03da4093b85a,CRT07-09815-1492/2026,08/2026,30000.00,2000.00,1,CL07-09815-3847/2026,,,false,,2026-07-23 16:36:44+00,,12852b96-32b2-4d1f-ba5d-16caa50b9815,2026-07-23 16:36:44+00,2026-09-01 08:23:46.201934+00,12852b96-32b2-4d1f-ba5d-16caa50b9815,
1032f982-96ec-401a-a790-65fe616f1b8b,CRT08-09815-5049/2026,08/2026,10000.00,2000.00,1,CL05-09815-2207/2026,,,false,,2026-08-09 18:48:41+00,,12852b96-32b2-4d1f-ba5d-16caa50b9815,2026-08-09 18:48:41+00,2026-09-01 08:23:48.432964+00,12852b96-32b2-4d1f-ba5d-16caa50b9815,
1075f0aa-1da2-4651-a787-b94efa5ef698,CRT05-09815-2252/2026,05/2026,10000.00,2000.00,1,CL04-09815-1598/2026,,,false,,2026-05-03 15:37:53+00,,12852b96-32b2-4d1f-ba5d-16caa50b9815,2026-05-03 15:37:53+00,2026-08-22 15:59:32.119046+00,12852b96-32b2-4d1f-ba5d-16caa50b9815,064d2336-aac8-4c51-8b2a-aa4bfa3ea58b
11a5c4a6-6576-449a-b97f-7309e35669d7,CRT06-09815-1021/2026,06/2026,10000.00,2000.00,1,CL06-09815-5952/2026,,,false,,2026-06-08 16:14:02+00,,12852b96-32b2-4d1f-ba5d-16caa50b9815,2026-06-08 16:14:02+00,2026-08-22 15:59:36.231606+00,12852b96-32b2-4d1f-ba5d-16caa50b9815,
120854dd-f7dd-4a61-8005-cf66046fbd2c,CL03-09815-5168/2026,03/2026,10000.00,1000.00,1,CL03-09815-5168/2026,,,true,,2026-03-21 16:57:41+00,,12852b96-32b2-4d1f-ba5d-16caa50b9815,2026-03-21 16:57:41+00,2026-07-23 11:53:11.956074+00,12852b96-32b2-4d1f-ba5d-16caa50b9815,064d2336-aac8-4c51-8b2a-aa4bfa3ea58b
126c8740-1b91-47aa-9f17-a2d1d88efc37,CL02-09815-1037/2026,02/2026,10000.00,1000.00,1,CL02-09815-1037/2026,,,true,,2026-02-26 15:28:53+00,,12852b96-32b2-4d1f-ba5d-16caa50b9815,2026-02-26 15:28:53+00,2026-08-04 08:56:32.272431+00,12852b96-32b2-4d1f-ba5d-16caa50b9815,064d2336-aac8-4c51-8b2a-aa4bfa3ea58b
126f46a8-fce2-4157-b9a9-d7551721ada0,CRT05-09815-8618/2026,05/2026,15000.00,2000.00,1,CL05-09815-8928/2026,,,false,,2026-05-26 12:45:36+00,,12852b96-32b2-4d1f-ba5d-16caa50b9815,2026-05-26 12:45:36+00,2026-08-25 05:44:51.703072+00,12852b96-32b2-4d1f-ba5d-16caa50b9815,
1283e373-9711-47b5-93f3-0b8b1db04881,CRT07-084A3-5143/2026,07/2026,5000.00,2000.00,1,CL06-084A3-8376/2026,,,false,,2026-07-03 14:00:37+00,,e78fa4f8-7406-40fd-ab35-6ef9cd5784a3,2026-07-03 14:00:37+00,2026-09-01 14:19:45.019013+00,e78fa4f8-7406-40fd-ab35-6ef9cd5784a3,
1496edf3-7f70-4dfb-a48d-2d096c628862,CRT08-084A3-4416/2026,08/2026,10000.00,2000.00,1,CL08-084A3-6830/2026,,,false,,2026-08-03 18:16:32+00,,e78fa4f8-7406-40fd-ab35-6ef9cd5784a3,2026-08-03 18:16:32+00,2026-09-01 14:20:43.97804+00,e78fa4f8-7406-40fd-ab35-6ef9cd5784a3,064d2336-aac8-4c51-8b2a-aa4bfa3ea58b
14e4949d-9a3b-4475-851a-70c7e8525536,CRT08-084A3-3626/2026,08/2026,5000.00,2000.00,1,CL06-084A3-2842/2026,,,false,,2026-08-03 13:42:09+00,,e78fa4f8-7406-40fd-ab35-6ef9cd5784a3,2026-08-03 13:42:09+00,2026-09-01 14:20:42.69592+00,e78fa4f8-7406-40fd-ab35-6ef9cd5784a3,064d2336-aac8-4c51-8b2a-aa4bfa3ea58b
1554ae93-0a56-479e-8411-2ea6fc3972a0,CL05-08324-1033/2026,05/2026,5000.00,2000.00,1,CL05-08324-3899/2026,,,true,,2026-05-22 19:23:17+00,,1fde6018-9346-424c-a2c1-37b8ea928324,2026-05-22 19:23:17+00,2026-07-23 12:49:27.505767+00,1fde6018-9346-424c-a2c1-37b8ea928324,064d2336-aac8-4c51-8b2a-aa4bfa3ea58b
16acfc1c-1f10-4558-beb7-48012f1faa98,CRT05-09815-4654/2026,05/2026,10000.00,2000.00,1,CL05-09815-2207/2026,,,true,,2026-05-04 20:43:40+00,,12852b96-32b2-4d1f-ba5d-16caa50b9815,2026-05-04 20:43:40+00,2026-08-04 08:36:26.175484+00,12852b96-32b2-4d1f-ba5d-16caa50b9815,064d2336-aac8-4c51-8b2a-aa4bfa3ea58b
16e76dc0-d70b-4a3d-8549-502d1c4104ee,CL04-09815-5982/2026,04/2026,2000.00,1000.00,1,CL04-09815-5982/2026,,,true,,2026-04-13 15:31:32+00,,12852b96-32b2-4d1f-ba5d-16caa50b9815,2026-04-13 15:31:32+00,2026-07-11 18:57:24.794962+00,12852b96-32b2-4d1f-ba5d-16caa50b9815,064d2336-aac8-4c51-8b2a-aa4bfa3ea58b
17a85f96-0151-4bff-b60e-304e164ab0b7,CRT09-084A3-7696/2026,09/2026,5000.00,2000.00,1,CL09-084A3-6533/2026,,,false,,2026-09-01 09:41:27+00,,e78fa4f8-7406-40fd-ab35-6ef9cd5784a3,2026-09-01 09:41:27+00,2026-09-01 14:21:01.194197+00,e78fa4f8-7406-40fd-ab35-6ef9cd5784a3,
18123396-4ee2-4e57-bafb-b3978f3a09dd,CL04-09815-9645/2026,04/2026,10000.00,1000.00,1,CL04-09815-9645/2026,,,false,,2026-04-01 13:53:10+00,,12852b96-32b2-4d1f-ba5d-16caa50b9815,2026-04-01 13:53:10+00,2026-08-22 09:26:45.940774+00,12852b96-32b2-4d1f-ba5d-16caa50b9815,064d2336-aac8-4c51-8b2a-aa4bfa3ea58b
182d8873-6cec-4156-be32-42e3f219f846,CRT07-084A3-1001/2026,07/2026,10000.00,2000.00,1,CL07-084A3-6050/2026,,,false,,2026-07-10 11:51:28+00,,e78fa4f8-7406-40fd-ab35-6ef9cd5784a3,2026-07-10 11:51:28+00,2026-09-01 14:20:30.531063+00,e78fa4f8-7406-40fd-ab35-6ef9cd5784a3,064d2336-aac8-4c51-8b2a-aa4bfa3ea58b
1860f96c-6f58-475b-b5f2-75087a37d187,CRT05-09815-9165/2026,05/2026,10000.00,2000.00,1,CL05-09815-4727/2026,,,true,,2026-05-15 16:32:11+00,,12852b96-32b2-4d1f-ba5d-16caa50b9815,2026-05-15 16:32:11+00,2026-07-20 20:08:18.151075+00,12852b96-32b2-4d1f-ba5d-16caa50b9815,064d2336-aac8-4c51-8b2a-aa4bfa3ea58b
190347c6-ec96-4c88-9f1f-6b57415e4f0f,CRT06-084A3-2489/2026,07/2026,20000.00,2000.00,1,CL06-084A3-5123/2026,,,false,,2026-06-29 16:18:55+00,,e78fa4f8-7406-40fd-ab35-6ef9cd5784a3,2026-06-29 16:18:55+00,2026-09-01 14:19:48.463018+00,e78fa4f8-7406-40fd-ab35-6ef9cd5784a3,064d2336-aac8-4c51-8b2a-aa4bfa3ea58b
19a8f6d3-e450-4f8d-b899-68c5af3f69f9,CRT07-084A3-4182/2026,07/2026,10000.00,2000.00,1,CL06-084A3-4683/2026,,,true,,2026-07-14 12:33:26+00,,e78fa4f8-7406-40fd-ab35-6ef9cd5784a3,2026-07-14 12:33:26+00,2026-08-21 08:35:42.772323+00,e78fa4f8-7406-40fd-ab35-6ef9cd5784a3,064d2336-aac8-4c51-8b2a-aa4bfa3ea58b
1ac8b42a-fcda-4247-baba-0f4cd07ab1b0,CRT07-09690-2931/2026,07/2026,12000.00,2000.00,1,CL07-09690-1361/2026,,,false,,2026-07-17 12:18:38+00,,d3b61f5e-fb50-4b45-be9f-10c2d7139690,2026-07-17 12:18:38+00,2026-07-22 18:00:49.934559+00,d3b61f5e-fb50-4b45-be9f-10c2d7139690,
1af18337-e7f2-4666-b7f2-31a0259931bf,CRT06-084A3-7459/2026,06/2026,20000.00,2000.00,1,CL06-084A3-1984/2026,,,true,,2026-06-18 16:26:46+00,,e78fa4f8-7406-40fd-ab35-6ef9cd5784a3,2026-06-18 16:26:46+00,2026-08-21 08:35:17.600642+00,e78fa4f8-7406-40fd-ab35-6ef9cd5784a3,064d2336-aac8-4c51-8b2a-aa4bfa3ea58b
1b33c77c-fa31-4674-9416-1620c496d44e,CL03-09815-8973/2026,03/2026,5000.00,1000.00,1,CL03-09815-8973/2026,,,true,,2026-03-09 20:33:51+00,,12852b96-32b2-4d1f-ba5d-16caa50b9815,2026-03-09 20:33:51+00,2026-07-23 12:45:26.253307+00,12852b96-32b2-4d1f-ba5d-16caa50b9815,064d2336-aac8-4c51-8b2a-aa4bfa3ea58b
1c2b4f99-a544-46f5-bc4f-115cfbd13ea0,CRT05-09815-5553/2026,06/2026,5000.00,2000.00,1,CL05-09815-9719/2026,,,true,,2026-05-30 14:13:04+00,,12852b96-32b2-4d1f-ba5d-16caa50b9815,2026-05-30 14:13:04+00,2026-07-12 18:22:40.114217+00,12852b96-32b2-4d1f-ba5d-16caa50b9815,064d2336-aac8-4c51-8b2a-aa4bfa3ea58b
1d19fade-1cca-4738-bdf3-a69b9a1a4d35,CRT08-084A3-6561/2026,08/2026,10000.00,2000.00,1,CL06-084A3-8998/2026,,,true,,2026-08-18 17:10:29+00,,e78fa4f8-7406-40fd-ab35-6ef9cd5784a3,2026-08-18 17:10:29+00,2026-09-01 13:02:32.577362+00,e78fa4f8-7406-40fd-ab35-6ef9cd5784a3,064d2336-aac8-4c51-8b2a-aa4bfa3ea58b
1d5a0918-e7f5-4091-8f7b-037c53200c8b,CL03-09815-7460/2026,03/2026,10000.00,1000.00,1,CL03-09815-7460/2026,,,true,,2026-03-02 16:01:35+00,,12852b96-32b2-4d1f-ba5d-16caa50b9815,2026-03-02 16:01:35+00,2026-07-23 11:26:35.672591+00,12852b96-32b2-4d1f-ba5d-16caa50b9815,064d2336-aac8-4c51-8b2a-aa4bfa3ea58b
1e754df1-ca07-4060-ba55-12de1e010cec,CRT07-084A3-7059/2026,08/2026,60000.00,2000.00,1,CL06-084A3-7991/2026,,,false,,2026-07-24 13:30:29+00,,e78fa4f8-7406-40fd-ab35-6ef9cd5784a3,2026-07-24 13:30:29+00,2026-09-01 14:20:34.050558+00,e78fa4f8-7406-40fd-ab35-6ef9cd5784a3,
1ee6377e-7f7a-4c1a-a441-8526efb90564,CRT05-09815-6120/2026,05/2026,10000.00,2000.00,1,CL05-09815-2280/2026,,,true,,2026-05-08 14:01:00+00,,12852b96-32b2-4d1f-ba5d-16caa50b9815,2026-05-08 14:01:00+00,2026-07-12 18:53:23.878722+00,12852b96-32b2-4d1f-ba5d-16caa50b9815,064d2336-aac8-4c51-8b2a-aa4bfa3ea58b
1f939f96-a4fa-416b-a789-07df3d282a2b,CRT05-09815-8628/2026,05/2026,20000.00,2000.00,1,CL04-09815-9645/2026,,,true,,2026-05-01 18:27:09+00,,12852b96-32b2-4d1f-ba5d-16caa50b9815,2026-05-01 18:27:09+00,2026-07-12 19:27:57.102303+00,12852b96-32b2-4d1f-ba5d-16caa50b9815,064d2336-aac8-4c51-8b2a-aa4bfa3ea58b
224098da-2c10-4943-8955-7ebd939b7bb1,CL03-09815-6595/2026,03/2026,10000.00,1000.00,1,CL03-09815-8854/2026,,,true,,2026-03-20 17:15:55+00,,12852b96-32b2-4d1f-ba5d-16caa50b9815,2026-03-20 17:15:55+00,2026-05-07 17:33:38.46549+00,12852b96-32b2-4d1f-ba5d-16caa50b9815,66f818af-5823-4500-a603-ac688a6a9732
235a2ae7-975f-443c-a59d-fb3ffb01f7df,CRT09-084A3-5417/2026,09/2026,30000.00,2000.00,1,CL08-084A3-3894/2026,,,false,,2026-09-01 14:03:38+00,,e78fa4f8-7406-40fd-ab35-6ef9cd5784a3,2026-09-01 14:03:38+00,2026-09-01 14:21:10.799039+00,e78fa4f8-7406-40fd-ab35-6ef9cd5784a3,
23aa54ad-7c1e-4eae-ab64-eadc68ebd98d,CRT07-09690-9737/2026,07/2026,5000.00,2000.00,1,CL07-09690-8806/2026,,,false,,2026-07-11 11:48:12+00,,d3b61f5e-fb50-4b45-be9f-10c2d7139690,2026-07-11 11:48:12+00,2026-07-22 18:00:49.579617+00,d3b61f5e-fb50-4b45-be9f-10c2d7139690,
23b187a1-20a4-4eff-b60d-2d5c57b32612,CRT08-084A3-6394/2026,08/2026,10000.00,2000.00,1,CL08-084A3-7411/2026,,,false,,2026-08-17 16:13:57+00,,e78fa4f8-7406-40fd-ab35-6ef9cd5784a3,2026-08-17 16:13:57+00,2026-09-01 14:20:53.331753+00,e78fa4f8-7406-40fd-ab35-6ef9cd5784a3,
23bfa0e3-9431-4029-9636-b733cbe7de43,CL03-09815-1678/2026,03/2026,5000.00,1000.00,1,CL03-09815-1678/2026,,,true,,2026-03-10 18:46:55+00,,12852b96-32b2-4d1f-ba5d-16caa50b9815,2026-03-10 18:46:55+00,2026-05-07 17:33:33.461578+00,12852b96-32b2-4d1f-ba5d-16caa50b9815,66f818af-5823-4500-a603-ac688a6a9732
23e44582-a5d3-4486-997c-034b6126f6e9,CRT06-084A3-9607/2026,06/2026,5000.00,2000.00,1,CL06-084A3-4974/2026,,,true,,2026-06-10 17:38:45+00,,e78fa4f8-7406-40fd-ab35-6ef9cd5784a3,2026-06-10 17:38:45+00,2026-08-21 08:35:11.441109+00,e78fa4f8-7406-40fd-ab35-6ef9cd5784a3,064d2336-aac8-4c51-8b2a-aa4bfa3ea58b
240ac049-31c5-4274-8b2d-29664fc5167c,CRT06-09815-9418/2026,06/2026,10000.00,2000.00,1,CL06-09815-5373/2026,,,true,,2026-06-06 14:39:50+00,,12852b96-32b2-4d1f-ba5d-16caa50b9815,2026-06-06 14:39:50+00,2026-07-10 10:48:48.649989+00,12852b96-32b2-4d1f-ba5d-16caa50b9815,064d2336-aac8-4c51-8b2a-aa4bfa3ea58b
24d8d2fd-285e-41f7-85d3-9a102a5a33d0,CRT09-084A3-1858/2026,09/2026,3000.00,2000.00,1,CL06-084A3-7042/2026,,,false,,2026-09-01 09:57:44+00,,e78fa4f8-7406-40fd-ab35-6ef9cd5784a3,2026-09-01 09:57:44+00,2026-09-01 14:21:09.435246+00,e78fa4f8-7406-40fd-ab35-6ef9cd5784a3,
24d99f1f-d8da-490b-9a2b-68bfee1a5b80,CRT08-084A3-1862/2026,08/2026,20000.00,2000.00,1,CL06-084A3-3227/2026,,,false,,2026-08-22 16:31:20+00,,e78fa4f8-7406-40fd-ab35-6ef9cd5784a3,2026-08-22 16:31:20+00,2026-09-01 14:20:57.97821+00,e78fa4f8-7406-40fd-ab35-6ef9cd5784a3,
253844d7-b3c2-4ae3-8600-ce4e53324ea9,CRT05-09815-2547/2026,05/2026,10000.00,2000.00,1,CL05-09815-3109/2026,,,true,,2026-05-20 15:51:24+00,,12852b96-32b2-4d1f-ba5d-16caa50b9815,2026-05-20 15:51:24+00,2026-07-19 17:48:11.470967+00,12852b96-32b2-4d1f-ba5d-16caa50b9815,064d2336-aac8-4c51-8b2a-aa4bfa3ea58b
25c1fc73-57c4-4118-8789-cf4a1df37d03,CRT05-09815-9369/2026,05/2026,10000.00,2000.00,1,CL05-09815-1565/2026,,,true,,2026-05-12 19:49:11+00,,12852b96-32b2-4d1f-ba5d-16caa50b9815,2026-05-12 19:49:11+00,2026-07-12 18:41:17.877063+00,12852b96-32b2-4d1f-ba5d-16caa50b9815,064d2336-aac8-4c51-8b2a-aa4bfa3ea58b
25dbd15a-62d0-4190-8bef-c87570184da2,CRT06-084A3-4375/2026,07/2026,3000.00,2000.00,1,CL06-084A3-4764/2026,,,false,,2026-06-26 11:14:33+00,,e78fa4f8-7406-40fd-ab35-6ef9cd5784a3,2026-06-26 11:14:33+00,2026-09-01 14:19:51.834874+00,e78fa4f8-7406-40fd-ab35-6ef9cd5784a3,064d2336-aac8-4c51-8b2a-aa4bfa3ea58b
2646e5fc-4c3c-4ac1-b42f-5509d02e13ce,CL02-09815-7418/2026,02/2026,20000.00,1000.00,1,CL02-09815-7418/2026,,,true,,2026-02-28 18:16:52+00,,12852b96-32b2-4d1f-ba5d-16caa50b9815,2026-02-28 18:16:52+00,2026-08-21 14:17:52.946367+00,12852b96-32b2-4d1f-ba5d-16caa50b9815,064d2336-aac8-4c51-8b2a-aa4bfa3ea58b
26a2a809-9fa1-4bf5-a446-d1a3200b88d6,CRT08-084A3-8209/2026,09/2026,30000.00,2000.00,1,CL06-084A3-4791/2026,,,false,,2026-08-27 14:58:52+00,,e78fa4f8-7406-40fd-ab35-6ef9cd5784a3,2026-08-27 14:58:52+00,2026-09-01 14:20:57.67435+00,e78fa4f8-7406-40fd-ab35-6ef9cd5784a3,
280e6b03-f7c7-4f26-8981-dac4fe9c166d,CRT07-084A3-2660/2026,08/2026,5000.00,2000.00,1,CL07-084A3-2559/2026,,,true,,2026-07-24 14:04:25+00,,e78fa4f8-7406-40fd-ab35-6ef9cd5784a3,2026-07-24 14:04:25+00,2026-08-21 08:35:42.441844+00,e78fa4f8-7406-40fd-ab35-6ef9cd5784a3,064d2336-aac8-4c51-8b2a-aa4bfa3ea58b
28331748-7d3b-43aa-a857-b12b583759fa,CRT05-09815-7024/2026,05/2026,5000.00,2000.00,1,CL05-09815-4190/2026,,,true,,2026-05-03 18:11:24+00,,12852b96-32b2-4d1f-ba5d-16caa50b9815,2026-05-03 18:11:24+00,2026-07-11 19:35:43.709571+00,12852b96-32b2-4d1f-ba5d-16caa50b9815,064d2336-aac8-4c51-8b2a-aa4bfa3ea58b
2843ac5a-4b0d-4fe1-a4fc-dddf4ad8d98b,CRT05-09815-3831/2026,05/2026,5000.00,2000.00,1,CL05-09815-8747/2026,,,true,,2026-05-01 12:08:31+00,,12852b96-32b2-4d1f-ba5d-16caa50b9815,2026-05-01 12:08:31+00,2026-07-12 18:28:15.998306+00,12852b96-32b2-4d1f-ba5d-16caa50b9815,064d2336-aac8-4c51-8b2a-aa4bfa3ea58b
28f15842-65b2-4f04-81b9-f8dcb21eeba8,CRT07-084A3-8687/2026,07/2026,10000.00,2000.00,1,CL06-084A3-4791/2026,,,false,,2026-07-13 14:37:15+00,,e78fa4f8-7406-40fd-ab35-6ef9cd5784a3,2026-07-13 14:37:15+00,2026-09-01 14:20:33.171674+00,e78fa4f8-7406-40fd-ab35-6ef9cd5784a3,064d2336-aac8-4c51-8b2a-aa4bfa3ea58b
28f5f2c0-4d69-491d-8e24-98b4fee5ce35,CRT08-084A3-2066/2026,08/2026,10000.00,2000.00,1,CL06-084A3-4683/2026,,,true,,2026-08-07 12:48:55+00,,e78fa4f8-7406-40fd-ab35-6ef9cd5784a3,2026-08-07 12:48:55+00,2026-08-21 08:35:47.695362+00,e78fa4f8-7406-40fd-ab35-6ef9cd5784a3,064d2336-aac8-4c51-8b2a-aa4bfa3ea58b
28f9be73-eb96-4b3f-8286-7f77edbc984d,CL03-09815-7731/2026,03/2026,10000.00,1000.00,1,CL03-09815-7731/2026,,,true,,2026-03-02 18:39:41+00,,12852b96-32b2-4d1f-ba5d-16caa50b9815,2026-03-02 18:39:41+00,2026-07-12 19:34:34.755816+00,12852b96-32b2-4d1f-ba5d-16caa50b9815,064d2336-aac8-4c51-8b2a-aa4bfa3ea58b
29e33cc2-4e75-40d6-b1eb-7c907e663c41,CL03-09815-1967/2026,03/2026,5000.00,1000.00,1,CL03-09815-1967/2026,,,true,,2026-03-09 16:40:58+00,,12852b96-32b2-4d1f-ba5d-16caa50b9815,2026-03-09 16:40:58+00,2026-07-23 11:14:50.440044+00,12852b96-32b2-4d1f-ba5d-16caa50b9815,064d2336-aac8-4c51-8b2a-aa4bfa3ea58b
2acfdf00-7393-4226-abd8-c5bce0ea6ed3,CRT08-084A3-1466/2026,08/2026,10000.00,2000.00,1,CL06-084A3-3095/2026,,,false,,2026-08-01 13:54:53+00,,e78fa4f8-7406-40fd-ab35-6ef9cd5784a3,2026-08-01 13:54:53+00,2026-09-01 14:20:40.163573+00,e78fa4f8-7406-40fd-ab35-6ef9cd5784a3,
2b2e553f-8368-4074-a3f1-22767bce4641,CRT07-084A3-3028/2026,07/2026,10000.00,2000.00,1,CL06-084A3-3095/2026,,,false,,2026-07-16 13:11:38+00,,e78fa4f8-7406-40fd-ab35-6ef9cd5784a3,2026-07-16 13:11:38+00,2026-09-01 14:20:38.291421+00,e78fa4f8-7406-40fd-ab35-6ef9cd5784a3,064d2336-aac8-4c51-8b2a-aa4bfa3ea58b
2c401f76-96f4-4655-94df-7f2a6645e716,CRT07-084A3-6092/2026,07/2026,5000.00,2000.00,1,CL07-084A3-2402/2026,,,false,,2026-07-03 15:32:26+00,,e78fa4f8-7406-40fd-ab35-6ef9cd5784a3,2026-07-03 15:32:26+00,2026-09-01 14:20:25.442983+00,e78fa4f8-7406-40fd-ab35-6ef9cd5784a3,064d2336-aac8-4c51-8b2a-aa4bfa3ea58b
2c945ad6-bfd7-41e6-80fe-e1d6fb0fcb44,CRT06-084A3-4075/2026,07/2026,10000.00,2000.00,1,CL06-084A3-7409/2026,,,true,,2026-06-24 16:08:47+00,,e78fa4f8-7406-40fd-ab35-6ef9cd5784a3,2026-06-24 16:08:47+00,2026-08-28 15:31:55.005053+00,e78fa4f8-7406-40fd-ab35-6ef9cd5784a3,064d2336-aac8-4c51-8b2a-aa4bfa3ea58b
2cb5933b-2757-4581-8c4d-e14366119064,CRT07-084A3-1671/2026,07/2026,15000.00,2000.00,1,CL06-084A3-3325/2026,,,false,,2026-07-08 18:01:15+00,,e78fa4f8-7406-40fd-ab35-6ef9cd5784a3,2026-07-08 18:01:15+00,2026-09-01 14:20:27.984282+00,e78fa4f8-7406-40fd-ab35-6ef9cd5784a3,064d2336-aac8-4c51-8b2a-aa4bfa3ea58b
2d2fab90-3787-46ae-bcb7-648c6b7ab2d4,CRT05-09815-4906/2026,05/2026,5000.00,2000.00,1,CL05-09815-2009/2026,,,true,,2026-05-05 15:13:17+00,,12852b96-32b2-4d1f-ba5d-16caa50b9815,2026-05-05 15:13:17+00,2026-07-20 20:07:13.804823+00,12852b96-32b2-4d1f-ba5d-16caa50b9815,064d2336-aac8-4c51-8b2a-aa4bfa3ea58b
2d8f83bd-8bb6-47f9-8257-e12d62d57207,CRT06-084A3-6638/2026,07/2026,3000.00,2000.00,1,CL06-084A3-4647/2026,,,false,,2026-06-30 14:05:06+00,,e78fa4f8-7406-40fd-ab35-6ef9cd5784a3,2026-06-30 14:05:06+00,2026-09-01 14:19:53.118631+00,e78fa4f8-7406-40fd-ab35-6ef9cd5784a3,064d2336-aac8-4c51-8b2a-aa4bfa3ea58b
2e40e20f-1e7e-45e3-b47a-32d98bcf3a79,CL02-09815-4131/2026,02/2026,5000.00,1000.00,1,CL02-09815-4131/2026,,,true,,2026-02-26 15:30:50+00,,12852b96-32b2-4d1f-ba5d-16caa50b9815,2026-02-26 15:30:50+00,2026-08-04 08:53:54.577621+00,12852b96-32b2-4d1f-ba5d-16caa50b9815,064d2336-aac8-4c51-8b2a-aa4bfa3ea58b
2e44e4d1-f019-47c2-ba71-ea11931e06f0,CRT07-084A3-1541/2026,07/2026,5000.00,2000.00,1,CL06-084A3-7949/2026,,,false,,2026-07-09 13:58:37+00,,e78fa4f8-7406-40fd-ab35-6ef9cd5784a3,2026-07-09 13:58:37+00,2026-09-01 14:20:35.339172+00,e78fa4f8-7406-40fd-ab35-6ef9cd5784a3,064d2336-aac8-4c51-8b2a-aa4bfa3ea58b
2ee6a956-3142-41db-b5d5-e61ff021bd02,CRT07-09690-7038/2026,07/2026,15000.00,2000.00,1,CL07-09690-8806/2026,,,false,,2026-07-11 12:10:41+00,,d3b61f5e-fb50-4b45-be9f-10c2d7139690,2026-07-11 12:10:41+00,2026-07-22 18:00:49.277639+00,d3b61f5e-fb50-4b45-be9f-10c2d7139690,
2f755175-16a9-442d-b0be-af970777bac6,CL04-09815-8301/2026,04/2026,10000.00,1000.00,1,CL04-09815-8301/2026,,,false,,2026-04-13 15:30:06+00,,12852b96-32b2-4d1f-ba5d-16caa50b9815,2026-04-13 15:30:06+00,2026-08-22 15:59:31.55861+00,12852b96-32b2-4d1f-ba5d-16caa50b9815,064d2336-aac8-4c51-8b2a-aa4bfa3ea58b
300c7228-95eb-4567-883a-1a2654af01c4,CRT08-084A3-4379/2026,08/2026,10000.00,2000.00,1,CL06-084A3-6253/2026,,,false,,2026-08-03 14:21:40+00,,e78fa4f8-7406-40fd-ab35-6ef9cd5784a3,2026-08-03 14:21:40+00,2026-09-01 14:20:44.610239+00,e78fa4f8-7406-40fd-ab35-6ef9cd5784a3,
3077b8bf-cb0b-415b-bd16-db637e13e320,CRT07-084A3-4552/2026,07/2026,15000.00,2000.00,1,CL06-084A3-8998/2026,,,false,,2026-07-09 15:10:44+00,,e78fa4f8-7406-40fd-ab35-6ef9cd5784a3,2026-07-09 15:10:44+00,2026-09-01 14:20:29.594629+00,e78fa4f8-7406-40fd-ab35-6ef9cd5784a3,064d2336-aac8-4c51-8b2a-aa4bfa3ea58b
30f04799-8b83-4db9-813b-672fe50b5274,CRT06-084A3-3754/2026,07/2026,20000.00,2000.00,1,CL06-084A3-2664/2026,,,true,,2026-06-30 12:28:10+00,,e78fa4f8-7406-40fd-ab35-6ef9cd5784a3,2026-06-30 12:28:10+00,2026-08-21 08:35:28.841588+00,e78fa4f8-7406-40fd-ab35-6ef9cd5784a3,064d2336-aac8-4c51-8b2a-aa4bfa3ea58b
317229ea-e1cd-44c4-988a-14520bc4565c,CRT08-084A3-7310/2026,08/2026,10000.00,2000.00,1,CL06-084A3-3758/2026,,,false,,2026-08-24 15:35:07+00,,e78fa4f8-7406-40fd-ab35-6ef9cd5784a3,2026-08-24 15:35:07+00,2026-09-01 14:21:07.100425+00,e78fa4f8-7406-40fd-ab35-6ef9cd5784a3,
32deed0d-fe19-45a6-aa39-086394764af2,CRT07-09815-5459/2026,07/2026,10000.00,2000.00,1,CL03-09815-8973/2026,,,true,,2026-07-01 17:53:31+00,,12852b96-32b2-4d1f-ba5d-16caa50b9815,2026-07-01 17:53:31+00,2026-07-23 12:26:30.440041+00,12852b96-32b2-4d1f-ba5d-16caa50b9815,064d2336-aac8-4c51-8b2a-aa4bfa3ea58b
32e4ca98-a787-4695-a487-d57c888133a7,CRT08-084A3-8775/2026,08/2026,10000.00,2000.00,1,CL06-084A3-4003/2026,,,false,,2026-08-22 17:21:27+00,,e78fa4f8-7406-40fd-ab35-6ef9cd5784a3,2026-08-22 17:21:27+00,2026-09-01 14:20:55.751141+00,e78fa4f8-7406-40fd-ab35-6ef9cd5784a3,
3401167c-bb02-436a-b549-6ad07387bfbb,CL04-09815-8506/2026,04/2026,2000.00,1000.00,1,CL04-09815-8506/2026,,,true,,2026-04-03 14:17:49+00,,604e6df1-79e8-4118-a788-bb248eb653db,2026-04-03 14:17:49+00,2026-07-11 19:05:46.981187+00,604e6df1-79e8-4118-a788-bb248eb653db,064d2336-aac8-4c51-8b2a-aa4bfa3ea58b
346fb050-b788-4457-9167-1576b40cd466,CL03-09815-6692/2026,03/2026,10000.00,1000.00,1,CL03-09815-6692/2026,,,true,,2026-03-02 11:05:36+00,,12852b96-32b2-4d1f-ba5d-16caa50b9815,2026-03-02 11:05:36+00,2026-08-22 08:39:10.431093+00,12852b96-32b2-4d1f-ba5d-16caa50b9815,064d2336-aac8-4c51-8b2a-aa4bfa3ea58b
352a88b2-c300-4b70-b51f-bbe6c1fea745,CRT06-09815-3210/2026,06/2026,5000.00,2000.00,1,CL06-09815-6879/2026,,,true,,2026-06-01 11:26:06+00,,12852b96-32b2-4d1f-ba5d-16caa50b9815,2026-06-01 11:26:06+00,2026-07-11 19:06:44.376608+00,12852b96-32b2-4d1f-ba5d-16caa50b9815,064d2336-aac8-4c51-8b2a-aa4bfa3ea58b
35d28b67-91ea-4cfa-892a-667b963a9dc9,CRT07-09815-4168/2026,08/2026,5000.00,2000.00,1,CL07-09815-1273/2026,,,true,,2026-07-30 19:36:02+00,,12852b96-32b2-4d1f-ba5d-16caa50b9815,2026-07-30 19:36:02+00,2026-08-19 09:22:07.234617+00,12852b96-32b2-4d1f-ba5d-16caa50b9815,064d2336-aac8-4c51-8b2a-aa4bfa3ea58b
35fb6e68-d39c-41d6-8af9-bf79a45d6cea,CRT08-09815-1580/2026,08/2026,5000.00,2000.00,1,CL08-09815-4047/2026,,,false,,2026-08-30 20:03:58+00,,12852b96-32b2-4d1f-ba5d-16caa50b9815,2026-08-30 20:03:58+00,2026-09-01 08:23:54.078222+00,12852b96-32b2-4d1f-ba5d-16caa50b9815,
362102c9-ca1a-4b78-ba6a-c577405c700c,CRT08-084A3-3816/2026,08/2026,20000.00,2000.00,1,CL05-084A3-6237/2026,,,false,,2026-08-12 15:32:34+00,,e78fa4f8-7406-40fd-ab35-6ef9cd5784a3,2026-08-12 15:32:34+00,2026-09-01 14:20:48.132625+00,e78fa4f8-7406-40fd-ab35-6ef9cd5784a3,
368a55fd-eda3-48b4-9ad2-3597d46c9a12,CRT07-084A3-3331/2026,08/2026,20000.00,2000.00,1,CL06-084A3-3422/2026,,,false,,2026-07-29 16:53:34+00,,e78fa4f8-7406-40fd-ab35-6ef9cd5784a3,2026-07-29 16:53:34+00,2026-09-01 14:20:35.6687+00,e78fa4f8-7406-40fd-ab35-6ef9cd5784a3,
368d51d7-0433-424c-9a78-9f5bcf41c8c5,CRT05-053DB-4409/2026,05/2026,5000.00,2000.00,1,CL05-053DB-3528/2026,,,true,,2026-05-11 18:05:34+00,,604e6df1-79e8-4118-a788-bb248eb653db,2026-05-11 18:05:34+00,2026-07-20 19:58:08.318502+00,604e6df1-79e8-4118-a788-bb248eb653db,064d2336-aac8-4c51-8b2a-aa4bfa3ea58b
36925643-765d-42ff-b1f8-7bf8d47382ce,CRT06-084A3-4904/2026,06/2026,20000.00,2000.00,1,CL06-084A3-5405/2026,,,false,,2026-06-04 14:35:27+00,,e78fa4f8-7406-40fd-ab35-6ef9cd5784a3,2026-06-04 14:35:27+00,2026-09-01 14:19:41.192763+00,e78fa4f8-7406-40fd-ab35-6ef9cd5784a3,
369c4baf-5a64-44e5-ab4d-ea5035740313,CRT06-084A3-9423/2026,06/2026,5000.00,2000.00,1,CL06-084A3-7744/2026,,,false,,2026-06-02 17:16:23+00,,e78fa4f8-7406-40fd-ab35-6ef9cd5784a3,2026-06-02 17:16:23+00,2026-09-01 14:19:42.16526+00,e78fa4f8-7406-40fd-ab35-6ef9cd5784a3,
3761522f-db4a-43a7-ad06-059413ba2824,CRT07-084A3-7121/2026,07/2026,10000.00,2000.00,1,CL06-084A3-4697/2026,,,false,,2026-07-07 19:03:45+00,,e78fa4f8-7406-40fd-ab35-6ef9cd5784a3,2026-07-07 19:03:45+00,2026-09-01 14:19:49.277549+00,e78fa4f8-7406-40fd-ab35-6ef9cd5784a3,064d2336-aac8-4c51-8b2a-aa4bfa3ea58b
37a6835d-0c4a-4bce-96c4-e9fa47bdfb73,CRT06-09815-2267/2026,06/2026,4000.00,2000.00,1,CL04-09815-8842/2026,,,true,,2026-06-06 08:22:39+00,,12852b96-32b2-4d1f-ba5d-16caa50b9815,2026-06-06 08:22:39+00,2026-07-12 18:59:27.267635+00,12852b96-32b2-4d1f-ba5d-16caa50b9815,064d2336-aac8-4c51-8b2a-aa4bfa3ea58b
39048bf7-87ed-4c87-960f-388ef5be57bf,CRT07-084A3-5554/2026,07/2026,10000.00,2000.00,1,CL06-084A3-3875/2026,,,false,,2026-07-09 15:48:12+00,,e78fa4f8-7406-40fd-ab35-6ef9cd5784a3,2026-07-09 15:48:12+00,2026-09-01 14:20:25.76109+00,e78fa4f8-7406-40fd-ab35-6ef9cd5784a3,064d2336-aac8-4c51-8b2a-aa4bfa3ea58b
39ad0e65-a0d1-455c-bfb0-7b3621821143,CRT07-084A3-1008/2026,07/2026,20000.00,2000.00,1,CL07-084A3-8301/2026,,,true,,2026-07-10 11:41:01+00,,e78fa4f8-7406-40fd-ab35-6ef9cd5784a3,2026-07-10 11:41:01+00,2026-08-21 08:35:33.093559+00,e78fa4f8-7406-40fd-ab35-6ef9cd5784a3,064d2336-aac8-4c51-8b2a-aa4bfa3ea58b